{
    "train": {
        "L": {
            "accuracy": {
                "0": 0.17291666666666666,
                "1": 0.19401041666666666,
                "2": 0.18567708333333335,
                "3": 0.23515625,
                "4": 0.2424479166666667,
                "5": 0.23593750000000005
            },
            "loss": {
                "0": 2.288717778523763,
                "1": 2.278274321556091,
                "2": 2.264090498288472,
                "3": 2.248325316111247,
                "4": 2.223764435450236,
                "5": 2.1932460387547814
            }
        },
        "R": {
            "accuracy": {
                "0": 0.10520833333333335,
                "1": 0.16145833333333334,
                "2": 0.17786458333333335,
                "3": 0.20286458333333335,
                "4": 0.20338541666666665,
                "5": 0.2203125
            },
            "loss": {
                "0": 2.297271347045899,
                "1": 2.2898867130279545,
                "2": 2.2816155592600507,
                "3": 2.273691463470459,
                "4": 2.2592331171035767,
                "5": 2.247982883453369
            }
        }
    },
    "val": {
        "L": {
            "accuracy": {
                "2": 0.14141666516661644
            },
            "loss": {
                "2": 2.291393220424652
            }
        },
        "R": {
            "accuracy": {
                "2": 0.15841666609048843
            },
            "loss": {
                "2": 2.2888090014457703
            }
        }
    },
    "test": {
        "L": {
            "accuracy": {
                "2": 0.13649999871850013
            },
            "loss": {
                "2": 2.2904325246810915
            }
        },
        "R": {
            "accuracy": {
                "2": 0.15930000096559524
            },
            "loss": {
                "2": 2.2871241092681887
            }
        }
    }
}